Lawrence Wang
26460421


Name,Overall Place,Grade,Time,Date,Meet,Comments,Photo
Lawrence Wang,2024,9,25:52.6PR,Way to stay focused during the race! Keep that mindset for the next one.,,,
Lawrence Wang,186 ,,25:52.6PR,Sep 7,Bret Clements Bath Invitational (J.V.),"Well, you didn’t set a world record, but you definitely set a team snack record!",LawrenceWang_BretClementsBathInvitational(J.V.)_.).jpg
Lawrence Wang,117 ,,26:01.5,Sep 10,SEC Jamboree #1 (Junior Varsity),,LawrenceWang_SECJamboree#1(JuniorVarsity)_y).jpg

