Leo Chi
26460401


Name,Overall Place,Grade,Time,Date,Meet,Comments,Photo
Leo Chi,2024,9,20:40.6PR,Are you sure you're not part cheetah? That was fast!,,,
Leo Chi,81 ,,21:08.3,Sep 7,Bret Clements Bath Invitational (J.V.),"That was a great race! Next time, try running *on* the path though.",LeoChi_BretClementsBathInvitational(J.V.)_.).jpg
Leo Chi,56 ,,21:56.3,Sep 10,SEC Jamboree #1 (Junior Varsity),"You fought hard all the way through, great resilience!",LeoChi_SECJamboree#1(JuniorVarsity)_y).jpg
Leo Chi,116 ,,20:40.6PR,Sep 14,56th Holly-Duane Raffin Festival of Races (D1 JV Boys),You made some great moves on the hills. Keep working on your endurance.,LeoChi_56thHolly-DuaneRaffinFestivalofRaces(D1JVBoys)_s).jpg

