Calla Sopoci
26328689


Name,Overall Place,Grade,Time,Date,Meet,Comments,Photo
Calla Sopoci,2024,9,24:30.4PR,,,,
Calla Sopoci,92 ,,26:21.4,Aug 29,37th Early Bird Open (HS Open 5K),Awesome race! Let's look at where we can shave off a few more seconds.,CallaSopoci_37thEarlyBirdOpen(HSOpen5K)_K).jpg
Calla Sopoci,47 ,,24:30.4PR,Sep 7,Bret Clements Bath Invitational (J.V.),"You fought hard all the way through, great resilience!",CallaSopoci_BretClementsBathInvitational(J.V.)_.).jpg
Calla Sopoci,26 ,,25:22.9,Sep 10,SEC Jamboree #1 (Junior Varsity),"You fought hard all the way through, great resilience!",CallaSopoci_SECJamboree#1(JuniorVarsity)_y).jpg

