Gwen Stotts-Walshe
24802677


Name,Overall Place,Grade,Time,Date,Meet,Comments,Photo
Gwen Stotts-Walshe,2024,10,22:50.0PR,"Well, you didn’t set a world record, but you definitely set a team snack record!",,,
Gwen Stotts-Walshe,53 ,,24:07.2,Aug 29,37th Early Bird Open (HS Open 5K),"You fought hard all the way through, great resilience!",GwenStotts-Walshe_37thEarlyBirdOpen(HSOpen5K)_K).jpg
Gwen Stotts-Walshe,72 ,,22:50.0PR,Sep 7,Bret Clements Bath Invitational (Class 1),Solid performance today! We'll fine-tune things in practice.,GwenStotts-Walshe_BretClementsBathInvitational(Class1)_1).jpg
Gwen Stotts-Walshe,-- ,,,Sep 10,SEC Jamboree #1 (Junior Varsity),,GwenStotts-Walshe_SECJamboree#1(JuniorVarsity)_y).jpg
Gwen Stotts-Walshe,7 ,,23:00.7,Sep 14,56th Holly-Duane Raffin Festival of Races (D1 JV Girls),,GwenStotts-Walshe_56thHolly-DuaneRaffinFestivalofRaces(D1JVGirls)_s).jpg

