Isla Tharp
23349719


Name,Overall Place,Grade,Time,Date,Meet,Comments,Photo
Isla Tharp,2024,10,20:34.3PR,,,,
Isla Tharp,18 ,,21:22.3,Aug 29,37th Early Bird Open (HS Open 5K),"Your speed was impressive, but next time, try not to leave the spectators in the dust... literally!",IslaTharp_37thEarlyBirdOpen(HSOpen5K)_K).jpg
Isla Tharp,22 ,,20:34.3PR,Sep 7,Bret Clements Bath Invitational (Class 1),,IslaTharp_BretClementsBathInvitational(Class1)_1).jpg
Isla Tharp,-- ,,,Sep 10,SEC Jamboree #1 (Varsity),"I think you might've outrun the course map! Keep it up, and we’ll need GPS tracking.",IslaTharp_SECJamboree#1(Varsity)_y).jpg
Isla Tharp,45 ,,21:52.3,Sep 14,56th Holly-Duane Raffin Festival of Races (D1 Girls),,IslaTharp_56thHolly-DuaneRaffinFestivalofRaces(D1Girls)_s).jpg

