Violet Olley
26328683


Name,Overall Place,Grade,Time,Date,Meet,Comments,Photo
Violet Olley,2024,9,23:46.1PR,"That was a great race! Next time, try running *on* the path though.",,,
Violet Olley,52 ,,24:37.6,Sep 7,Bret Clements Bath Invitational (J.V.),Way to stay focused during the race! Keep that mindset for the next one.,VioletOlley_BretClementsBathInvitational(J.V.)_.).jpg
Violet Olley,19 ,,24:37.1,Sep 10,SEC Jamboree #1 (Junior Varsity),"Nice work! By the way, you know this is a race, not a scenic tour, right?",VioletOlley_SECJamboree#1(JuniorVarsity)_y).jpg
Violet Olley,22 ,,23:46.1PR,Sep 14,56th Holly-Duane Raffin Festival of Races (D1 JV Girls),,VioletOlley_56thHolly-DuaneRaffinFestivalofRaces(D1JVGirls)_s).jpg

